#CVE	GHSA	TYPE	FILE
CVE-2012-5377	GHSA-64cp-j7mg-j33g	unreviewed	cpansa/CPANSA-ActivePerl.yml
CVE-2006-2856	GHSA-8xc3-rg94-5c3f	unreviewed	cpansa/CPANSA-ActivePerl.yml
CVE-2004-2286	GHSA-8g3v-vx3x-982v	unreviewed	cpansa/CPANSA-ActivePerl.yml
CVE-2004-2022	GHSA-6g7x-c8vf-63fq	unreviewed	cpansa/CPANSA-ActivePerl.yml
CVE-2004-0377	GHSA-rm2p-jhqp-33q2	unreviewed	cpansa/CPANSA-ActivePerl.yml
CVE-2001-0815	GHSA-c5px-j32w-fcqp	unreviewed	cpansa/CPANSA-ActivePerl.yml
CVE-2019-20454	GHSA-6wcm-vmc4-h93p	unreviewed	cpansa/CPANSA-Alien-PCRE2.yml
CVE-2007-6342	GHSA-jfwf-chpc-fpf5	unreviewed	cpansa/CPANSA-Apache-AuthCAS.yml
CVE-2010-3845	GHSA-7rxx-w8q3-rg72	unreviewed	cpansa/CPANSA-Apache-AuthenHook.yml
CVE-2020-36659	GHSA-crqh-wr78-6jgr	unreviewed	cpansa/CPANSA-Apache-Session-Browseable.yml
CVE-2020-36658	GHSA-qf7m-fmfh-9c8v	unreviewed	cpansa/CPANSA-Apache-Session-LDAP.yml
CVE-2012-6141	GHSA-pw79-h962-2rw9	unreviewed	cpansa/CPANSA-App-Context.yml
CVE-2020-16154	GHSA-m92x-373g-xc36	unreviewed	cpansa/CPANSA-App-cpanminus.yml
CVE-2015-7686	GHSA-24jp-cwv2-qjwh	unreviewed	cpansa/CPANSA-App-Github-Email.yml
CVE-2016-1238	GHSA-hm5v-6984-hfqp	unreviewed	cpansa/CPANSA-App-japerl.yml
CVE-2013-1667	GHSA-wv37-679q-qgxw	unreviewed	cpansa/CPANSA-App-perlall.yml
CVE-2018-12015	GHSA-44r9-882w-xw5m	unreviewed	cpansa/CPANSA-Archive-Tar.yml
CVE-2007-4829	GHSA-rwhc-g7xj-h37q	unreviewed	cpansa/CPANSA-Archive-Tar.yml
CVE-2016-1238	GHSA-hm5v-6984-hfqp	unreviewed	cpansa/CPANSA-Archive-Tar.yml
CVE-2018-10860	GHSA-46vh-339r-h4rg	unreviewed	cpansa/CPANSA-Archive-Zip.yml
CVE-2004-1096	GHSA-wf22-9wqx-hv9r	unreviewed	cpansa/CPANSA-Archive-Zip.yml
CVE-2011-4117	GHSA-2mgm-x4fm-vrg8	unreviewed	cpansa/CPANSA-Batch-Batchrun.yml
CVE-2014-1875	GHSA-mx62-7r33-gq29	unreviewed	cpansa/CPANSA-Capture-Tiny.yml
CVE-2017-16248	GHSA-mg54-fgxw-pmj5	unreviewed	cpansa/CPANSA-Catalyst-Plugin-Static-Simple.yml
CVE-2013-7329	GHSA-mvgv-xmhx-5f65	unreviewed	cpansa/CPANSA-CGI-Application.yml
CVE-2006-1279	GHSA-xxvm-h45q-hvv9	unreviewed	cpansa/CPANSA-CGI-Session.yml
CVE-2010-4410	GHSA-63qf-cwcv-ff3r	unreviewed	cpansa/CPANSA-CGI-Simple.yml
CVE-2010-2761	GHSA-8x6h-gq6j-8x3j	unreviewed	cpansa/CPANSA-CGI-Simple.yml
CVE-2012-5526	GHSA-9x3m-wmpr-vc58	unreviewed	cpansa/CPANSA-CGI.yml
CVE-2011-2766	GHSA-57h3-ccpr-f6f8	unreviewed	cpansa/CPANSA-CGI.yml
CVE-2010-4411	GHSA-wj7r-99wr-72wm	unreviewed	cpansa/CPANSA-CGI.yml
CVE-2010-2761	GHSA-8x6h-gq6j-8x3j	unreviewed	cpansa/CPANSA-CGI.yml
CVE-2014-5509	GHSA-fxwp-mh6r-g9mm	unreviewed	cpansa/CPANSA-Clipboard.yml
CVE-2010-0405	GHSA-44gv-7gp8-m9mw	unreviewed	cpansa/CPANSA-Compress-Raw-Bzip2.yml
CVE-2009-1884	GHSA-4x36-p66f-4f99	unreviewed	cpansa/CPANSA-Compress-Raw-Bzip2.yml
CVE-2009-1391	GHSA-353f-jcfv-fpmh	unreviewed	cpansa/CPANSA-Compress-Raw-Zlib.yml
CVE-2012-2451	GHSA-g533-vrrr-6j8r	unreviewed	cpansa/CPANSA-Config-IniFiles.yml
CVE-2017-0373	GHSA-pcw9-xjj5-7cp5	unreviewed	cpansa/CPANSA-Config-Model.yml
CVE-2017-0374	GHSA-88hg-rvfq-4jp9	unreviewed	cpansa/CPANSA-Config-Model.yml
CVE-2013-7488	GHSA-8wqq-xrhr-w6mf	unreviewed	cpansa/CPANSA-Convert-ASN1.yml
CVE-2005-1349	GHSA-4x75-6x49-vgw2	unreviewed	cpansa/CPANSA-Convert-UUlib.yml
CVE-2020-16155	GHSA-7c2g-m3j2-jrgq	unreviewed	cpansa/CPANSA-CPAN-Checksums.yml
CVE-2023-31484	GHSA-5v8j-jfmm-6x86	unreviewed	cpansa/CPANSA-CPAN.yml
CVE-2020-16156	GHSA-mx9v-6qg3-92rp	unreviewed	cpansa/CPANSA-CPAN.yml
CVE-2022-48623	GHSA-44qr-8pf6-6q33	unreviewed	cpansa/CPANSA-Cpanel-JSON-XS.yml
CVE-2006-0898	GHSA-qpjg-v8f6-cw7j	unreviewed	cpansa/CPANSA-Crypt-CBC.yml
CVE-2011-3599	GHSA-93qx-3vc3-hx46	unreviewed	cpansa/CPANSA-Crypt-DSA.yml
CVE-2019-1010263	GHSA-54vx-xvq8-jh85	unreviewed	cpansa/CPANSA-Crypt-JWT.yml
CVE-2019-1010161	GHSA-75ff-mxv3-9xhw	unreviewed	cpansa/CPANSA-Crypt-JWT.yml
CVE-2009-0129	GHSA-cvwp-gwp2-6xqh	unreviewed	cpansa/CPANSA-Crypt-OpenSSL-DSA.yml
CVE-2012-2143	GHSA-6rxj-38xv-j69g	unreviewed	cpansa/CPANSA-Crypt-Passwd-XS.yml
CVE-2020-17478	GHSA-v675-cj9m-348p	unreviewed	cpansa/CPANSA-Crypt-Perl.yml
CVE-2020-13895	GHSA-jxxc-m3fj-q52w	unreviewed	cpansa/CPANSA-Crypt-Perl.yml
CVE-2012-5572	GHSA-cqwv-qc24-9rvm	unreviewed	cpansa/CPANSA-Dancer.yml
CVE-2011-1589	GHSA-vrwf-2wgx-949w	unreviewed	cpansa/CPANSA-Dancer.yml
CVE-2014-4330	GHSA-gxvp-m937-jg9v	unreviewed	cpansa/CPANSA-Data-Dumper.yml
CVE-2011-2201	GHSA-348p-57x3-vxc3	unreviewed	cpansa/CPANSA-Data-FormValidator.yml
CVE-2013-4184	GHSA-52mm-w3hf-39rg	unreviewed	cpansa/CPANSA-Data-UUID.yml
CVE-2021-29662	GHSA-r243-xrwf-w499	unreviewed	cpansa/CPANSA-Data-Validate-IP.yml
CVE-2018-2767	GHSA-qhg6-x5p3-8653	unreviewed	cpansa/CPANSA-DBD-MariaDB.yml
CVE-2017-10788	GHSA-hx52-v9vv-vhp2	unreviewed	cpansa/CPANSA-DBD-MariaDB.yml
CVE-2017-3302	GHSA-77pr-jpcv-9w4v	unreviewed	cpansa/CPANSA-DBD-MariaDB.yml
CVE-2017-10788	GHSA-hx52-v9vv-vhp2	unreviewed	cpansa/CPANSA-DBD-mysql.yml
CVE-2017-10789	GHSA-4384-9v4p-2vmf	unreviewed	cpansa/CPANSA-DBD-mysql.yml
CVE-2016-1249	GHSA-v93g-vffx-whwx	unreviewed	cpansa/CPANSA-DBD-mysql.yml
CVE-2016-1246	GHSA-cc4c-8jxw-7x26	unreviewed	cpansa/CPANSA-DBD-mysql.yml
CVE-2015-8949	GHSA-48mj-69cx-pcqg	unreviewed	cpansa/CPANSA-DBD-mysql.yml
CVE-2016-1251	GHSA-rcfm-gwhc-4xf6	unreviewed	cpansa/CPANSA-DBD-mysql.yml
CVE-2014-9906	GHSA-676f-4267-c5c3	unreviewed	cpansa/CPANSA-DBD-mysql.yml
CVE-2012-1151	GHSA-h6fj-j4mh-7x7h	unreviewed	cpansa/CPANSA-DBD-Pg.yml
CVE-2009-0663	GHSA-q57m-cgxh-vv5j	unreviewed	cpansa/CPANSA-DBD-Pg.yml
CVE-2009-1341	GHSA-h446-mfq3-hx7g	unreviewed	cpansa/CPANSA-DBD-Pg.yml
CVE-2020-15358	GHSA-rq2p-jfw7-2cj3	unreviewed	cpansa/CPANSA-DBD-SQLite.yml
CVE-2020-13632	GHSA-vqf7-574h-2gf3	unreviewed	cpansa/CPANSA-DBD-SQLite.yml
CVE-2020-13631	GHSA-ggrr-j79r-pq3m	unreviewed	cpansa/CPANSA-DBD-SQLite.yml
CVE-2020-13630	GHSA-wgpm-4xgr-4mhp	unreviewed	cpansa/CPANSA-DBD-SQLite.yml
CVE-2020-13435	GHSA-4hxf-56qj-qrgf	unreviewed	cpansa/CPANSA-DBD-SQLite.yml
CVE-2020-13434	GHSA-fjp7-rxx4-gq9h	unreviewed	cpansa/CPANSA-DBD-SQLite.yml
CVE-2020-11656	GHSA-x2v5-p27f-53wp	unreviewed	cpansa/CPANSA-DBD-SQLite.yml
CVE-2020-11655	GHSA-f86q-8q37-c2x4	unreviewed	cpansa/CPANSA-DBD-SQLite.yml
CVE-2020-9327	GHSA-43wf-f579-3w62	unreviewed	cpansa/CPANSA-DBD-SQLite.yml
CVE-2019-20218	GHSA-vrgp-3vgj-937c	unreviewed	cpansa/CPANSA-DBD-SQLite.yml
CVE-2019-19959	GHSA-8q6c-j3g3-gr6j	unreviewed	cpansa/CPANSA-DBD-SQLite.yml
CVE-2019-19926	GHSA-vjff-gpgv-hf96	unreviewed	cpansa/CPANSA-DBD-SQLite.yml
CVE-2019-19880	GHSA-mpvh-7x64-2fc7	unreviewed	cpansa/CPANSA-DBD-SQLite.yml
CVE-2019-8457	GHSA-p4jx-5p2x-4pq7	unreviewed	cpansa/CPANSA-DBD-SQLite.yml
CVE-2019-5018	GHSA-qgrg-5hv8-3w32	unreviewed	cpansa/CPANSA-DBD-SQLite.yml
CVE-2019-19925	GHSA-wcjr-83cc-7pfq	unreviewed	cpansa/CPANSA-DBD-SQLite.yml
CVE-2019-19924	GHSA-mp99-gxqh-6752	unreviewed	cpansa/CPANSA-DBD-SQLite.yml
CVE-2019-19923	GHSA-5gmx-grg5-hh7x	unreviewed	cpansa/CPANSA-DBD-SQLite.yml
CVE-2019-19880	GHSA-mpvh-7x64-2fc7	unreviewed	cpansa/CPANSA-DBD-SQLite.yml
CVE-2019-19646	GHSA-g624-89xp-hmx8	unreviewed	cpansa/CPANSA-DBD-SQLite.yml
CVE-2019-19645	GHSA-g6wf-ch53-mgqf	unreviewed	cpansa/CPANSA-DBD-SQLite.yml
CVE-2019-19603	GHSA-cm5h-jfjm-77x3	unreviewed	cpansa/CPANSA-DBD-SQLite.yml
CVE-2019-19317	GHSA-6283-q875-5qpp	unreviewed	cpansa/CPANSA-DBD-SQLite.yml
CVE-2019-19244	GHSA-pfjf-vfqg-5r4q	unreviewed	cpansa/CPANSA-DBD-SQLite.yml
CVE-2019-19242	GHSA-565m-5c74-6h7v	unreviewed	cpansa/CPANSA-DBD-SQLite.yml
CVE-2018-20506	GHSA-hfxx-8v8g-6rcx	unreviewed	cpansa/CPANSA-DBD-SQLite.yml
CVE-2018-20505	GHSA-rx75-3g2g-6hp5	unreviewed	cpansa/CPANSA-DBD-SQLite.yml
CVE-2018-20346	GHSA-wpf6-c3rx-7xrj	unreviewed	cpansa/CPANSA-DBD-SQLite.yml
CVE-2018-8740	GHSA-c753-vqf3-vjxh	unreviewed	cpansa/CPANSA-DBD-SQLite.yml
CVE-2017-10989	GHSA-rp6h-mxcc-96r2	unreviewed	cpansa/CPANSA-DBD-SQLite.yml
CVE-2016-6153	GHSA-c7vx-xpvf-fj57	unreviewed	cpansa/CPANSA-DBD-SQLite.yml
CVE-2015-3416	GHSA-33jw-h57w-fr79	unreviewed	cpansa/CPANSA-DBD-SQLite.yml
CVE-2015-3415	GHSA-p88q-qx6q-mhv3	unreviewed	cpansa/CPANSA-DBD-SQLite.yml
CVE-2015-3414	GHSA-9qxq-827h-4w5v	unreviewed	cpansa/CPANSA-DBD-SQLite.yml
CVE-2013-7443	GHSA-9ggj-hfcr-7pgp	unreviewed	cpansa/CPANSA-DBD-SQLite.yml
CVE-2020-14393	GHSA-g7gr-3q49-q5r9	unreviewed	cpansa/CPANSA-DBI.yml
CVE-2020-14392	GHSA-xm43-qc4p-9f7j	unreviewed	cpansa/CPANSA-DBI.yml
CVE-2019-20919	GHSA-f5xq-vjwc-pqqj	unreviewed	cpansa/CPANSA-DBI.yml
CVE-2005-0077	GHSA-wpm8-xxrr-cfh8	unreviewed	cpansa/CPANSA-DBI.yml
CVE-2014-10402	GHSA-qc7v-jjp2-38r9	unreviewed	cpansa/CPANSA-DBI.yml
CVE-2014-10401	GHSA-9347-cf5g-8j34	unreviewed	cpansa/CPANSA-DBI.yml
CVE-2013-7491	GHSA-grmf-5xw5-9cmx	unreviewed	cpansa/CPANSA-DBI.yml
CVE-2013-7490	GHSA-g483-mcjg-g334	unreviewed	cpansa/CPANSA-DBI.yml
CVE-2008-3502	GHSA-rx7v-38cm-3gxv	unreviewed	cpansa/CPANSA-Devel-StackTrace.yml
CVE-2002-0703	GHSA-2c9p-4x2v-863c	unreviewed	cpansa/CPANSA-Digest-MD5.yml
CVE-2011-3597	GHSA-42c5-x389-m7vp	unreviewed	cpansa/CPANSA-Digest.yml
CVE-2016-1238	GHSA-hm5v-6984-hfqp	unreviewed	cpansa/CPANSA-Digest.yml
CVE-2022-1664	GHSA-q7pv-fjh6-6xq6	unreviewed	cpansa/CPANSA-Dpkg.yml
CVE-2017-8283	GHSA-7cgr-cwf8-5c99	unreviewed	cpansa/CPANSA-Dpkg.yml
CVE-2016-1238	GHSA-hm5v-6984-hfqp	unreviewed	cpansa/CPANSA-Dpkg.yml
CVE-2015-0860	GHSA-phx5-8jhp-4rwc	unreviewed	cpansa/CPANSA-Dpkg.yml
CVE-2015-0840	GHSA-mrx8-xmg2-v94q	unreviewed	cpansa/CPANSA-Dpkg.yml
CVE-2014-8625	GHSA-rg28-4v7w-vh73	unreviewed	cpansa/CPANSA-Dpkg.yml
CVE-2014-0471	GHSA-34xq-j8f4-r5cq	unreviewed	cpansa/CPANSA-Dpkg.yml
CVE-2014-3127	GHSA-f267-j9wx-cwjf	unreviewed	cpansa/CPANSA-Dpkg.yml
CVE-2014-3864	GHSA-h5rp-2257-ffxj	unreviewed	cpansa/CPANSA-Dpkg.yml
CVE-2014-3865	GHSA-pm6q-6j5f-2hj8	unreviewed	cpansa/CPANSA-Dpkg.yml
CVE-2014-0471	GHSA-34xq-j8f4-r5cq	unreviewed	cpansa/CPANSA-Dpkg.yml
CVE-2014-3127	GHSA-f267-j9wx-cwjf	unreviewed	cpansa/CPANSA-Dpkg.yml
CVE-2014-0471	GHSA-34xq-j8f4-r5cq	unreviewed	cpansa/CPANSA-Dpkg.yml
CVE-2010-1679	GHSA-4qj2-qwgp-vc99	unreviewed	cpansa/CPANSA-Dpkg.yml
CVE-2010-0396	GHSA-8p9h-cf62-j26q	unreviewed	cpansa/CPANSA-Dpkg.yml
CVE-2004-2768	GHSA-qrp8-65v4-pc63	unreviewed	cpansa/CPANSA-Dpkg.yml
CVE-2011-0402	GHSA-vw3j-pcrq-5hxc	unreviewed	cpansa/CPANSA-Dpkg.yml
CVE-2014-0477	GHSA-w2mf-888c-4wj5	unreviewed	cpansa/CPANSA-Email-Address.yml
CVE-2018-12558	GHSA-c2fh-m553-m5hp	unreviewed	cpansa/CPANSA-Email-Address.yml
CVE-2014-4720	GHSA-6jmv-rp6j-xp29	unreviewed	cpansa/CPANSA-Email-Address.yml
CVE-2016-1238	GHSA-hm5v-6984-hfqp	unreviewed	cpansa/CPANSA-Encode.yml
CVE-2021-36770	GHSA-3gfh-9hwx-r3vr	unreviewed	cpansa/CPANSA-Encode.yml
CVE-2011-2939	GHSA-76hr-qp66-cq6j	unreviewed	cpansa/CPANSA-Encode.yml
CVE-2001-0733	GHSA-q8cv-frx7-5xrc	unreviewed	cpansa/CPANSA-ePerl.yml
CVE-2016-1238	GHSA-hm5v-6984-hfqp	unreviewed	cpansa/CPANSA-ExtUtils-MakeMaker.yml
CVE-2016-1238	GHSA-hm5v-6984-hfqp	unreviewed	cpansa/CPANSA-Fake-Encode.yml
CVE-2016-1238	GHSA-hm5v-6984-hfqp	unreviewed	cpansa/CPANSA-Fake-Our.yml
CVE-2011-2766	GHSA-57h3-ccpr-f6f8	unreviewed	cpansa/CPANSA-FCGI.yml
CVE-2016-1238	GHSA-hm5v-6984-hfqp	unreviewed	cpansa/CPANSA-File-DataClass.yml
CVE-2011-2728	GHSA-8m64-rq77-cfmc	unreviewed	cpansa/CPANSA-File-Glob.yml
CVE-2017-6512	GHSA-wf3v-xjg6-86hx	unreviewed	cpansa/CPANSA-File-Path.yml
CVE-2008-5303	GHSA-4m3f-gxf5-6jm9	unreviewed	cpansa/CPANSA-File-Path.yml
CVE-2008-5302	GHSA-8vc4-5x78-9hxf	unreviewed	cpansa/CPANSA-File-Path.yml
CVE-2008-2827	GHSA-h567-wg66-2v4f	unreviewed	cpansa/CPANSA-File-Path.yml
CVE-2005-0448	GHSA-2jcf-pv2j-gqvq	unreviewed	cpansa/CPANSA-File-Path.yml
CVE-2004-0452	GHSA-27g6-7ffq-cf4w	unreviewed	cpansa/CPANSA-File-Path.yml
CVE-2011-4116	GHSA-grqm-6jmc-2h46	unreviewed	cpansa/CPANSA-File-Temp.yml
CVE-2008-3285	GHSA-7wc9-px2p-j49m	unreviewed	cpansa/CPANSA-Filesys-SmbClientParser.yml
CVE-2019-7410	GHSA-qwxc-7842-42p6	unreviewed	cpansa/CPANSA-Galileo.yml
CVE-2019-6977	GHSA-3jrx-xgc5-h2f9	unreviewed	cpansa/CPANSA-GD.yml
CVE-2023-31485	GHSA-c2v8-3552-rp4m	unreviewed	cpansa/CPANSA-GitLab-API-v4.yml
CVE-2006-1565	GHSA-c5jc-fx5f-4q7f	unreviewed	cpansa/CPANSA-GPIB.yml
CVE-2012-6142	GHSA-5f3x-vhw5-3rcg	unreviewed	cpansa/CPANSA-HTML-EP.yml
CVE-2009-3627	GHSA-r983-27x9-gfq4	unreviewed	cpansa/CPANSA-HTML-Parser.yml
CVE-2015-5667	GHSA-4hf5-hm87-wm38	unreviewed	cpansa/CPANSA-HTML-Scrubber.yml
CVE-2023-24038	GHSA-p983-rj5f-9qwf	unreviewed	cpansa/CPANSA-HTML-StripScripts.yml
CVE-2011-4616	GHSA-4w9w-9h3m-mg43	unreviewed	cpansa/CPANSA-HTML-Template-Pro.yml
CVE-2013-4407	GHSA-8v7w-j6g2-p6j2	unreviewed	cpansa/CPANSA-HTTP-Body.yml
CVE-2022-31081			cpansa/CPANSA-HTTP-Daemon.yml
CVE-2023-31486	GHSA-g56r-phrf-6pc4	unreviewed	cpansa/CPANSA-HTTP-Tiny.yml
CVE-2016-1238	GHSA-hm5v-6984-hfqp	unreviewed	cpansa/CPANSA-HTTP-Tiny.yml
CVE-2022-23935	GHSA-jx53-3cxj-386g	unreviewed	cpansa/CPANSA-Image-ExifTool.yml
CVE-2016-9181	GHSA-99g7-5p97-g9vw	unreviewed	cpansa/CPANSA-Image-Info.yml
CVE-2016-1238	GHSA-hm5v-6984-hfqp	unreviewed	cpansa/CPANSA-Imager.yml
CVE-2008-1928	GHSA-27p3-v3ff-v3x4	unreviewed	cpansa/CPANSA-Imager.yml
CVE-2007-2459	GHSA-v92m-h6q5-w9gg	unreviewed	cpansa/CPANSA-Imager.yml
CVE-2016-1238	GHSA-hm5v-6984-hfqp	unreviewed	cpansa/CPANSA-IO-Compress.yml
CVE-2010-4334	GHSA-rgc7-283p-45vh	unreviewed	cpansa/CPANSA-IO-Socket-SSL.yml
CVE-2009-3024	GHSA-5v53-7q2j-vjr2	unreviewed	cpansa/CPANSA-IO-Socket-SSL.yml
CVE-2016-1238	GHSA-hm5v-6984-hfqp	unreviewed	cpansa/CPANSA-IPC-Cmd.yml
CVE-2015-8326	GHSA-927g-cfpc-w2j4	unreviewed	cpansa/CPANSA-IPTables-Parse.yml
CVE-2006-0042	GHSA-67xr-x2j9-rc4g	unreviewed	cpansa/CPANSA-libapreq2.yml
CVE-2011-0633	GHSA-3fhh-g5rg-6jpm	unreviewed	cpansa/CPANSA-libwww-perl.yml
CVE-2010-2253	GHSA-mcrm-9w8r-c6w8	unreviewed	cpansa/CPANSA-libwww-perl.yml
CVE-2012-6329	GHSA-g4g2-w92h-7fjc	unreviewed	cpansa/CPANSA-Locale-Maketext.yml
CVE-2016-1238	GHSA-hm5v-6984-hfqp	unreviewed	cpansa/CPANSA-Locale-Maketext.yml
CVE-2014-3230	GHSA-7x2q-v99p-jm92	unreviewed	cpansa/CPANSA-LWP-Protocol-https.yml
CVE-2005-4536	GHSA-h7vp-qvfw-h2f3	unreviewed	cpansa/CPANSA-Mail-Audit.yml
CVE-2002-1271	GHSA-fm5h-r4qh-85fh	unreviewed	cpansa/CPANSA-Mail-Mailer.yml
CVE-2014-1626	GHSA-f8fm-jmgw-5232	unreviewed	cpansa/CPANSA-MARC-File-XML.yml
CVE-2009-0912	GHSA-45w4-h5x7-85w7	unreviewed	cpansa/CPANSA-MDK-Common.yml
CVE-2010-4524	GHSA-r98c-rm5p-j4fw	unreviewed	cpansa/CPANSA-MHonArc.yml
CVE-2010-1677	GHSA-7jx8-cpc3-f4pq	unreviewed	cpansa/CPANSA-MHonArc.yml
CVE-2009-0796	GHSA-22g4-6c36-68p9	unreviewed	cpansa/CPANSA-mod_perl.yml
CVE-2007-1349	GHSA-fxxc-hq33-c3m6	unreviewed	cpansa/CPANSA-mod_perl.yml
CVE-2011-2767	GHSA-hm7f-5jxx-cwvg	unreviewed	cpansa/CPANSA-mod_perl.yml
CVE-2016-1238	GHSA-hm5v-6984-hfqp	unreviewed	cpansa/CPANSA-Module-Load-Conditional.yml
CVE-2013-1437	GHSA-86v9-w7h5-78qj	unreviewed	cpansa/CPANSA-Module-Metadata.yml
CVE-2016-1238	GHSA-hm5v-6984-hfqp	unreviewed	cpansa/CPANSA-Module-Provision.yml
CVE-2013-2145	GHSA-99g4-3v63-xpqx	unreviewed	cpansa/CPANSA-Module-Signature.yml
CVE-2010-4803	GHSA-4q9r-c3w8-rm5f	unreviewed	cpansa/CPANSA-Mojolicious.yml
CVE-2010-4802	GHSA-9wxp-xqhf-2m53	unreviewed	cpansa/CPANSA-Mojolicious.yml
CVE-2011-1841	GHSA-w975-73p7-chcj	unreviewed	cpansa/CPANSA-Mojolicious.yml
CVE-2009-5074	GHSA-73xj-fh2g-76q8	unreviewed	cpansa/CPANSA-Mojolicious.yml
CVE-2013-0209	GHSA-qhr8-p6mw-gmf5	unreviewed	cpansa/CPANSA-MT.yml
CVE-2022-38078	GHSA-f342-4q2c-v2q2	unreviewed	cpansa/CPANSA-MT.yml
CVE-2021-20837	GHSA-fq4q-8q83-6gj7	unreviewed	cpansa/CPANSA-MT.yml
CVE-2021-20814	GHSA-qjjc-j7xm-pf48	unreviewed	cpansa/CPANSA-MT.yml
CVE-2021-20813	GHSA-8p38-cjxc-8fxx	unreviewed	cpansa/CPANSA-MT.yml
CVE-2021-20815	GHSA-44gc-6277-jwf7	unreviewed	cpansa/CPANSA-MT.yml
CVE-2021-20811	GHSA-9xx6-3c29-j6cq	unreviewed	cpansa/CPANSA-MT.yml
CVE-2021-20810	GHSA-j9hg-mq8j-8cvg	unreviewed	cpansa/CPANSA-MT.yml
CVE-2021-20809	GHSA-53cw-v2f6-28h4	unreviewed	cpansa/CPANSA-MT.yml
CVE-2021-20808	GHSA-j2cp-gw4q-c3gq	unreviewed	cpansa/CPANSA-MT.yml
CVE-2020-5669	GHSA-3x6m-pmx9-j7f5	unreviewed	cpansa/CPANSA-MT.yml
CVE-2020-5577	GHSA-qq4g-m927-9x4x	unreviewed	cpansa/CPANSA-MT.yml
CVE-2020-5576	GHSA-3pqr-r447-f4mh	unreviewed	cpansa/CPANSA-MT.yml
CVE-2020-5575	GHSA-fpmm-r4rm-5rg2	unreviewed	cpansa/CPANSA-MT.yml
CVE-2020-5574	GHSA-34jf-34wf-852g	unreviewed	cpansa/CPANSA-MT.yml
CVE-2020-5528	GHSA-5928-fcw8-m7f4	unreviewed	cpansa/CPANSA-MT.yml
CVE-2019-6025	GHSA-cc2h-7vfw-mgxv	unreviewed	cpansa/CPANSA-MT.yml
CVE-2018-0672	GHSA-ww3f-5c96-827w	unreviewed	cpansa/CPANSA-MT.yml
CVE-2016-5742	GHSA-w3hp-vvq9-qjxg	unreviewed	cpansa/CPANSA-MT.yml
CVE-2015-1592	GHSA-j7c8-7vgp-wfmc	unreviewed	cpansa/CPANSA-MT.yml
CVE-2014-9057	GHSA-57c4-v5cf-fvg9	unreviewed	cpansa/CPANSA-MT.yml
CVE-2013-2184	GHSA-cr72-56w8-rrw3	unreviewed	cpansa/CPANSA-MT.yml
CVE-2013-0209	GHSA-qhr8-p6mw-gmf5	unreviewed	cpansa/CPANSA-MT.yml
CVE-2012-1503	GHSA-crq9-rq4m-26gj	unreviewed	cpansa/CPANSA-MT.yml
CVE-2012-0320	GHSA-qc2v-4qpc-hvf2	unreviewed	cpansa/CPANSA-MT.yml
CVE-2012-0317	GHSA-q6pj-7m8h-843g	unreviewed	cpansa/CPANSA-MT.yml
CVE-2011-5085	GHSA-mjmj-j8r9-gjg6	unreviewed	cpansa/CPANSA-MT.yml
CVE-2011-5084	GHSA-8g7p-q74m-p945	unreviewed	cpansa/CPANSA-MT.yml
CVE-2010-1985	GHSA-8vh2-65q3-9g8m	unreviewed	cpansa/CPANSA-MT.yml
CVE-2009-2492	GHSA-cvj4-9f98-hhj7	unreviewed	cpansa/CPANSA-MT.yml
CVE-2009-2481	GHSA-6q93-7ff8-58mr	unreviewed	cpansa/CPANSA-MT.yml
CVE-2009-0752	GHSA-m3w7-436v-mfw5	unreviewed	cpansa/CPANSA-MT.yml
CVE-2008-5846	GHSA-x4g5-xjpp-2c3j	unreviewed	cpansa/CPANSA-MT.yml
CVE-2008-5845	GHSA-q59j-r89m-6v8h	unreviewed	cpansa/CPANSA-MT.yml
CVE-2008-5808	GHSA-6mqh-j2cf-xpp5	unreviewed	cpansa/CPANSA-MT.yml
CVE-2021-20812	GHSA-2554-pph3-4jmx	unreviewed	cpansa/CPANSA-MT.yml
CVE-2022-43660	GHSA-j8hc-rq6g-3f96	unreviewed	cpansa/CPANSA-MT.yml
CVE-2007-6341	GHSA-84q5-9px8-9m43	unreviewed	cpansa/CPANSA-Net-DNS.yml
CVE-2007-3409	GHSA-vf3x-8mv3-rv64	unreviewed	cpansa/CPANSA-Net-DNS.yml
CVE-2007-3377	GHSA-2mqm-w9vq-9c5r	unreviewed	cpansa/CPANSA-Net-DNS.yml
CVE-2019-17362	GHSA-x32c-6j92-4hp9	unreviewed	cpansa/CPANSA-Net-Dropbear.yml
CVE-2020-16093	GHSA-9c48-27fx-7952	unreviewed	cpansa/CPANSA-Net-LDAPS.yml
CVE-2021-29424	GHSA-p75p-x3j9-7vj3	unreviewed	cpansa/CPANSA-Net-Netmask.yml
CVE-2008-7319	GHSA-8624-26q6-28m7	unreviewed	cpansa/CPANSA-Net-Ping-External.yml
CVE-2011-0411	GHSA-2gf2-4wwm-4cm6	unreviewed	cpansa/CPANSA-Net-Server-Coro.yml
CVE-2005-1127	GHSA-3c38-6263-x4qc	unreviewed	cpansa/CPANSA-Net-Server.yml
CVE-2008-2292	GHSA-c59r-cvwm-r87m	unreviewed	cpansa/CPANSA-Net-SNMP.yml
CVE-2005-2811	GHSA-w7p9-h59x-gp43	unreviewed	cpansa/CPANSA-Net-SNMP.yml
CVE-2014-2285	GHSA-vjgw-84x2-wchq	unreviewed	cpansa/CPANSA-Net-SNMP.yml
CVE-2005-0106	GHSA-c8r4-w8p2-gf3q	unreviewed	cpansa/CPANSA-Net-SSLeay.yml
CVE-2011-4114	GHSA-gxwf-286g-rc8g	unreviewed	cpansa/CPANSA-PAR-Packer.yml
CVE-2011-4114	GHSA-gxwf-286g-rc8g	unreviewed	cpansa/CPANSA-PAR.yml
CVE-2011-5060	GHSA-hmhv-64cw-2g3m	unreviewed	cpansa/CPANSA-PAR.yml
CVE-2011-4115	GHSA-xp3x-85w4-72px	unreviewed	cpansa/CPANSA-Parallel-ForkManager.yml
CVE-2016-1238	GHSA-hm5v-6984-hfqp	unreviewed	cpansa/CPANSA-PathTools.yml
CVE-2015-8607	GHSA-53pj-vpxm-m333	unreviewed	cpansa/CPANSA-PathTools.yml
CVE-2016-6185	GHSA-6f2m-6xw2-h922	unreviewed	cpansa/CPANSA-perl.yml
CVE-2015-8608	GHSA-523x-9jc5-mf89	unreviewed	cpansa/CPANSA-perl.yml
CVE-2011-2728	GHSA-8m64-rq77-cfmc	unreviewed	cpansa/CPANSA-perl.yml
CVE-2020-12723			cpansa/CPANSA-perl.yml
CVE-2020-10878			cpansa/CPANSA-perl.yml
CVE-2020-10543			cpansa/CPANSA-perl.yml
CVE-2018-6798	GHSA-pfh3-76fp-4978	unreviewed	cpansa/CPANSA-perl.yml
CVE-2018-6797	GHSA-8qqx-9gj6-xx9p	unreviewed	cpansa/CPANSA-perl.yml
CVE-2018-6913	GHSA-wrx2-mfgr-hgr7	unreviewed	cpansa/CPANSA-perl.yml
CVE-2018-18314	GHSA-7f84-77mg-9mgg	unreviewed	cpansa/CPANSA-perl.yml
CVE-2018-18313	GHSA-jrcr-mfpr-rgg9	unreviewed	cpansa/CPANSA-perl.yml
CVE-2018-18312	GHSA-qj2w-cj4c-5f2g	unreviewed	cpansa/CPANSA-perl.yml
CVE-2018-18311	GHSA-qr73-9894-ffxf	unreviewed	cpansa/CPANSA-perl.yml
CVE-2017-12883	GHSA-h435-qr7v-xh34	unreviewed	cpansa/CPANSA-perl.yml
CVE-2017-12837	GHSA-q52c-c9hv-jc77	unreviewed	cpansa/CPANSA-perl.yml
CVE-2015-8853	GHSA-c4jc-532j-fmvf	unreviewed	cpansa/CPANSA-perl.yml
CVE-2013-1667	GHSA-wv37-679q-qgxw	unreviewed	cpansa/CPANSA-perl.yml
CVE-2011-0761	GHSA-mmv5-472c-pf4c	unreviewed	cpansa/CPANSA-perl.yml
CVE-2010-4777	GHSA-r32j-2hp8-5qh2	unreviewed	cpansa/CPANSA-perl.yml
CVE-2010-1158	GHSA-x7qj-rq8p-vh9r	unreviewed	cpansa/CPANSA-perl.yml
CVE-2009-3626	GHSA-pr3m-646v-qvfc	unreviewed	cpansa/CPANSA-perl.yml
CVE-2008-1927	GHSA-cjr5-49hf-284r	unreviewed	cpansa/CPANSA-perl.yml
CVE-2005-3962	GHSA-x9vv-cmfc-4qwh	unreviewed	cpansa/CPANSA-perl.yml
CVE-2005-0156	GHSA-hv4j-j5rr-rmfx	unreviewed	cpansa/CPANSA-perl.yml
CVE-2005-0155	GHSA-wmj6-p2pm-q3w6	unreviewed	cpansa/CPANSA-perl.yml
CVE-2007-5116	GHSA-3wp4-6pwm-vcxj	unreviewed	cpansa/CPANSA-perl.yml
CVE-2012-5195	GHSA-6768-qw7m-q528	unreviewed	cpansa/CPANSA-perl.yml
CVE-2016-2381	GHSA-mmf9-wh8f-2qv3	unreviewed	cpansa/CPANSA-perl.yml
CVE-2016-6185	GHSA-6f2m-6xw2-h922	unreviewed	cpansa/CPANSA-perl.yml
CVE-2003-0900	GHSA-x75m-p75h-4759	unreviewed	cpansa/CPANSA-perl.yml
CVE-2013-7422	GHSA-m7pj-qf68-j4wp	unreviewed	cpansa/CPANSA-perl.yml
CVE-2015-8608	GHSA-523x-9jc5-mf89	unreviewed	cpansa/CPANSA-perl.yml
CVE-2011-1487	GHSA-j9hm-95rh-8hr5	unreviewed	cpansa/CPANSA-perl.yml
CVE-1999-1386	GHSA-rwp9-w3rx-vf92	unreviewed	cpansa/CPANSA-perl.yml
CVE-2017-12814	GHSA-6g5g-x3hj-6v2x	unreviewed	cpansa/CPANSA-perl.yml
CVE-2022-48522	GHSA-96cv-gp7m-9r39	unreviewed	cpansa/CPANSA-perl.yml
CVE-2023-47038	GHSA-96fh-9q43-rmjh	unreviewed	cpansa/CPANSA-perl.yml
CVE-2023-47039	GHSA-44qm-928x-6p3g	unreviewed	cpansa/CPANSA-perl.yml
CVE-2023-47100	GHSA-hx28-vm67-xh3r	unreviewed	cpansa/CPANSA-perl.yml
CVE-2008-1652	GHSA-9chg-p5j8-vxvp	unreviewed	cpansa/CPANSA-Perlbal.yml
CVE-2018-9246	GHSA-9f5v-36fp-5cv6	unreviewed	cpansa/CPANSA-PGObject-Util-DBAdmin.yml
CVE-2023-52431	GHSA-895f-2fwm-hcv8	unreviewed	cpansa/CPANSA-Plack-Middleware-XSRFBlock.yml
CVE-2013-7284	GHSA-7r2w-qgmh-r769	unreviewed	cpansa/CPANSA-PlRPC.yml
CVE-2016-1238	GHSA-hm5v-6984-hfqp	unreviewed	cpansa/CPANSA-Pod-Perldoc.yml
CVE-2010-3438	GHSA-vqr8-85pj-78rw	unreviewed	cpansa/CPANSA-Poe-Component-IRC.yml
CVE-2013-7135	GHSA-jr8v-35jh-58m6	unreviewed	cpansa/CPANSA-Proc-Daemon.yml
CVE-2011-4363	GHSA-rg46-xp9g-7m7c	unreviewed	cpansa/CPANSA-Proc-ProcessTable.yml
CVE-2017-5361	GHSA-qpcq-vgjf-37f6	unreviewed	cpansa/CPANSA-RT-Authen-ExternalAuth.yml
CVE-2012-2769	GHSA-6gr3-vr3v-86j3	unreviewed	cpansa/CPANSA-RT-Extension-MobileUI.yml
CVE-2010-1447	GHSA-f2r8-6hg3-mv9j	unreviewed	cpansa/CPANSA-Safe.yml
CVE-2010-1168	GHSA-wvgg-c5pp-f6w9	unreviewed	cpansa/CPANSA-Safe.yml
CVE-2002-1323	GHSA-qmvp-2m2m-rm8h	unreviewed	cpansa/CPANSA-Safe.yml
CVE-2015-8978	GHSA-9xh5-ghq7-m3c5	unreviewed	cpansa/CPANSA-SOAP-Lite.yml
CVE-2002-1742	GHSA-42jw-jp69-7hjr	unreviewed	cpansa/CPANSA-SOAP-Lite.yml
CVE-1999-0034	GHSA-6v5q-h64v-p5mp	unreviewed	cpansa/CPANSA-sperl.yml
CVE-1999-0462	GHSA-5q5q-p45w-x7rp	unreviewed	cpansa/CPANSA-sperl.yml
CVE-2000-0703	GHSA-fwmf-9cw3-w3x3	unreviewed	cpansa/CPANSA-sperl.yml
CVE-2012-6143	GHSA-xrpf-jjp4-8pmh	unreviewed	cpansa/CPANSA-Spoon-Cookie.yml
CVE-2023-7101	GHSA-3c85-mx4x-435c	unreviewed	cpansa/CPANSA-Spreadsheet-ParseExcel.yml
CVE-2024-22368	GHSA-x2hg-844v-frvh	unreviewed	cpansa/CPANSA-Spreadsheet-ParseXLSX.yml
CVE-2024-23525	GHSA-cxjh-j6f8-vrmf	unreviewed	cpansa/CPANSA-Spreadsheet-ParseXLSX.yml
CVE-2016-1238	GHSA-hm5v-6984-hfqp	unreviewed	cpansa/CPANSA-Sys-Syslog.yml
CVE-2014-2524	GHSA-hq65-wq6g-7mcc	unreviewed	cpansa/CPANSA-Term-ReadLine-Gnu.yml
CVE-2006-4484	GHSA-6xv8-25r4-5mrf	unreviewed	cpansa/CPANSA-Tk.yml
CVE-2008-7315	GHSA-3f84-j5xw-c967	unreviewed	cpansa/CPANSA-UI-Dialog.yml
CVE-2022-4170	GHSA-v3h7-vj8g-6x3r	unreviewed	cpansa/CPANSA-urxvt-bgdsl.yml
CVE-2018-12015	GHSA-44r9-882w-xw5m	unreviewed	cpansa/CPANSA-Win32-File-Summary.yml
CVE-2007-4829	GHSA-rwhc-g7xj-h37q	unreviewed	cpansa/CPANSA-Win32-File-Summary.yml
CVE-2016-1238	GHSA-hm5v-6984-hfqp	unreviewed	cpansa/CPANSA-Win32-File-Summary.yml
CVE-2012-1102	GHSA-cwv6-3m5x-7f9p	unreviewed	cpansa/CPANSA-XML-Atom.yml
CVE-2014-5260	GHSA-2f6x-v9qj-8f54	unreviewed	cpansa/CPANSA-XML-DT.yml
CVE-2015-3451	GHSA-mrvg-p24w-mp92	unreviewed	cpansa/CPANSA-XML-LibXML.yml
CVE-2017-10672	GHSA-v3c8-h936-vqgh	unreviewed	cpansa/CPANSA-XML-LibXML.yml
CVE-2016-9180	GHSA-6wjc-jvcr-hcxw	unreviewed	cpansa/CPANSA-XML-Twig.yml
CVE-2014-9130	GHSA-wrq2-fvvw-grpm	unreviewed	cpansa/CPANSA-YAML-LibYAML.yml
CVE-2012-1152	GHSA-3h7q-h379-g658	unreviewed	cpansa/CPANSA-YAML-LibYAML.yml
CVE-2019-10768	GHSA-89mq-4x47-5v83	reviewed	?
CVE-2019-14863	GHSA-r5fx-8r73-v86c	reviewed	?
CVE-2020-7676	GHSA-mhp6-pxh8-r675	reviewed	?
CVE-2008-0171	GHSA-mc8j-3vrc-57vf	unreviewed	?
CVE-2008-0172	GHSA-6rjv-3558-988c	unreviewed	?
CVE-2019-20921	GHSA-7c82-mp33-r854	reviewed	?
CVE-2018-14040	GHSA-3wqf-4x89-9g79	reviewed	?
CVE-2018-14041	GHSA-pj7m-g53m-7638	reviewed	?
CVE-2018-14042	GHSA-7mvr-5x2g-wfc8	reviewed	?
CVE-2018-20676	GHSA-3mgp-fx93-9xv5	reviewed	?
CVE-2018-20677	GHSA-ph58-4vrj-w6hr	reviewed	?
CVE-2019-8331	GHSA-9v3m-8fp8-mj99	reviewed	?
CVE-2016-10735	GHSA-4p24-vmcr-4gqj	reviewed	?
CVE-2020-8927	GHSA-5v8v-66v8-mwm7	reviewed	?
CVE-2020-7746	GHSA-h68q-55jf-x68w	reviewed	?
CVE-2020-36254	GHSA-36m7-j2mr-5864	unreviewed	?
CVE-2019-12953	GHSA-6hj9-w8vp-p698	unreviewed	?
CVE-2018-15599	GHSA-g4h3-rm2q-r287	unreviewed	?
CVE-2021-46322	GHSA-hmgv-4jwm-xc9x	unreviewed	?
CVE-2015-0852	GHSA-vg9f-qf95-c67j	unreviewed	?
CVE-2009-0583	GHSA-hc6x-m9mp-6xc2	unreviewed	?
CVE-2009-0584	GHSA-3cwm-mjh6-3hwq	unreviewed	?
CVE-2009-0792	GHSA-c674-58j3-3v3w	unreviewed	?
CVE-2009-3743	GHSA-3p47-jqhp-gxp9	unreviewed	?
CVE-2009-4897	GHSA-53pw-2446-9fc8	unreviewed	?
CVE-2015-3228	GHSA-jf9j-9gh2-gp45	unreviewed	?
CVE-2016-9601	GHSA-vf87-jj8q-h556	unreviewed	?
CVE-2020-7105	GHSA-cjp9-9h2g-g3x5	unreviewed	?
CVE-2018-7159	GHSA-87vg-5pwm-8x6w	unreviewed	?
CVE-2018-12121	GHSA-2p2c-vwq7-7vg6	unreviewed	?
CVE-2020-11022	GHSA-gxr4-xjj5-5px2	reviewed	?
CVE-2020-11023	GHSA-jpcq-cgw6-v4j6	reviewed	?
CVE-2019-11358	GHSA-6c3j-c64m-qhgq	reviewed	?
CVE-2015-9251	GHSA-rmxg-73gg-4p98	reviewed	?
CVE-2011-4969	GHSA-579v-mp3v-rrw5	reviewed	?
CVE-2012-6708	GHSA-2pqj-h3vj-pqgw	reviewed	?
CVE-2020-7656	GHSA-q4m3-2j7h-f7xw	reviewed	?
CVE-2019-5428	GHSA-wv67-q8rr-grjp	reviewed	?
CVE-2014-6071	GHSA-q44p-q588-242q	unreviewed	?
CVE-2010-5312	GHSA-wcm2-9c89-wmfm	reviewed	?
CVE-2016-7103	GHSA-hpcf-8vf9-q4gj	reviewed	?
CVE-2021-41182	GHSA-9gj3-hwp5-pmwc	reviewed	?
CVE-2021-41183	GHSA-j7qv-pgf6-hvh4	reviewed	?
CVE-2021-41184	GHSA-gpqq-952q-5327	reviewed	?
CVE-2020-23849	GHSA-q854-j362-cfq9	reviewed	?
CVE-2021-3822	GHSA-hhfg-6hfc-rvxm	reviewed	?
CVE-2021-35472	GHSA-9v87-664x-72qc	unreviewed	?
CVE-2020-24660	GHSA-x44x-r84w-8v67	reviewed	?
CVE-2019-19791	GHSA-c639-6g37-r8wm	unreviewed	?
CVE-2021-40874	GHSA-gvrq-49rv-2rq7	unreviewed	?
CVE-2014-3591	GHSA-5p8v-2xvp-pwmc	unreviewed	?
CVE-2015-0837	GHSA-3ccv-3j4f-926q	unreviewed	?
CVE-2015-7511	GHSA-2c62-8p8p-hh5w	unreviewed	?
CVE-2016-6313	GHSA-44wq-cf78-w397	unreviewed	?
CVE-2017-0379	GHSA-j848-fx94-98m4	unreviewed	?
CVE-2017-7526	GHSA-f2v5-c455-qhg2	unreviewed	?
CVE-2017-9526	GHSA-665h-28h9-qh6v	unreviewed	?
CVE-2018-0495	GHSA-q2v2-pgm4-m8c8	unreviewed	?
CVE-2018-6829	GHSA-wcf7-2f92-j5mv	unreviewed	?
CVE-2019-12904	GHSA-w862-39x5-q88x	unreviewed	?
CVE-2021-3345	GHSA-pf53-rq8f-rwqx	unreviewed	?
CVE-2021-33560	GHSA-g9p5-p7h5-p2wg	unreviewed	?
CVE-2021-40528	GHSA-8m2v-68m9-q2c7	unreviewed	?
CVE-2020-12279	GHSA-jq74-8pv3-p93c	unreviewed	?
CVE-2020-12278	GHSA-w32v-c4gg-xc8p	unreviewed	?
CVE-2018-15501	GHSA-432h-4cw6-prpw	unreviewed	?
CVE-2018-10888	GHSA-mwfj-cw48-q48m	unreviewed	?
CVE-2018-10887	GHSA-5gcq-g5p3-pjp4	unreviewed	?
CVE-2014-9390	GHSA-6vvc-c2m3-cjf3	reviewed	?
CVE-2016-10128	GHSA-23v5-3rr6-rp4h	unreviewed	?
CVE-2016-10129	GHSA-7gh2-q8m8-26r9	unreviewed	?
CVE-2016-10130	GHSA-fhf3-77x2-3mpp	unreviewed	?
CVE-2016-8568	GHSA-jxhv-8xc9-73hq	unreviewed	?
CVE-2016-8569	GHSA-m99c-3xxj-4mxh	unreviewed	?
CVE-2018-8098	GHSA-m334-hpp6-wjh3	unreviewed	?
CVE-2018-8099	GHSA-mhmm-r9x5-v638	unreviewed	?
CVE-2013-6629	GHSA-7vr8-hqr3-rjrw	unreviewed	?
CVE-2021-39514	GHSA-h37c-4pg2-6xq6	unreviewed	?
CVE-2021-39515	GHSA-rwfg-c7rv-75g7	unreviewed	?
CVE-2021-39516	GHSA-gf8p-pg5p-7jm3	unreviewed	?
CVE-2021-39517	GHSA-26c8-846h-xfjj	unreviewed	?
CVE-2021-39518	GHSA-75wx-7fqq-f6pf	unreviewed	?
CVE-2021-39519	GHSA-856m-7gh9-83gw	unreviewed	?
CVE-2021-39520	GHSA-chqg-r7hw-qc9v	unreviewed	?
CVE-2022-31620	GHSA-62v2-wx44-h68c	unreviewed	?
CVE-2022-32978	GHSA-5p95-6qmc-hjqr	unreviewed	?
CVE-2016-2851	GHSA-p3jg-fm9x-hc9c	unreviewed	?
CVE-2005-2491	GHSA-h9j2-347v-3v58	unreviewed	?
CVE-2005-4872	GHSA-m5xf-8w89-qqxm	unreviewed	?
CVE-2006-7225	GHSA-jwp9-5mxp-g76g	unreviewed	?
CVE-2006-7226	GHSA-pjwm-g353-8cr7	unreviewed	?
CVE-2006-7227	GHSA-vqwh-px94-7wr8	unreviewed	?
CVE-2006-7228	GHSA-hw27-4fxg-c8f3	unreviewed	?
CVE-2006-7230	GHSA-64q5-vm73-jhjp	unreviewed	?
CVE-2007-1659	GHSA-h2p6-9f3w-vqw9	unreviewed	?
CVE-2007-1660	GHSA-v294-5p22-v3ph	unreviewed	?
CVE-2007-1661	GHSA-759q-4q8w-5gfh	unreviewed	?
CVE-2007-1662	GHSA-q97c-6vfp-vgp5	unreviewed	?
CVE-2007-4766	GHSA-ppf2-g285-2xj9	unreviewed	?
CVE-2007-4767	GHSA-9cw9-v886-c24m	unreviewed	?
CVE-2007-4768	GHSA-jq5c-rgv9-cw8p	unreviewed	?
CVE-2008-0674	GHSA-8m98-qjh5-33jj	unreviewed	?
CVE-2008-2371	GHSA-853v-4rcq-pjpw	unreviewed	?
CVE-2015-2325	GHSA-mwr9-2r49-jwhg	unreviewed	?
CVE-2015-2326	GHSA-m793-2mj8-wj8q	unreviewed	?
CVE-2015-2327	GHSA-hvfc-r626-888m	unreviewed	?
CVE-2015-2328	GHSA-4h7h-5fv8-m6hg	unreviewed	?
CVE-2015-5073	GHSA-r9r2-m4cw-3hgp	unreviewed	?
CVE-2015-8380	GHSA-67r8-54m7-f6x4	unreviewed	?
CVE-2015-8381	GHSA-wvfj-fw7x-gqpr	unreviewed	?
CVE-2015-8382	GHSA-h7q3-3hf3-hv3q	unreviewed	?
CVE-2015-8383	GHSA-jc3f-3h6r-67mm	unreviewed	?
CVE-2015-8384	GHSA-52qf-gwh3-p975	unreviewed	?
CVE-2015-8385	GHSA-9pjx-2pvv-2f38	unreviewed	?
CVE-2015-8386	GHSA-x66w-7mq7-3gxp	unreviewed	?
CVE-2015-8387	GHSA-gjfv-m56f-jm68	unreviewed	?
CVE-2015-8388	GHSA-5776-327r-qhr3	unreviewed	?
CVE-2015-8389	GHSA-w4p3-383r-c3gc	unreviewed	?
CVE-2015-8390	GHSA-6788-8v9x-34c3	unreviewed	?
CVE-2015-8391	GHSA-86ch-fq45-3c2j	unreviewed	?
CVE-2015-8392	GHSA-qx7v-4wx4-fpg4	unreviewed	?
CVE-2015-8393	GHSA-795f-fr55-w3f9	unreviewed	?
CVE-2015-8394	GHSA-wpvc-3mh7-8pwj	unreviewed	?
CVE-2015-8395	GHSA-vpj5-f38f-q927	unreviewed	?
CVE-2016-3191	GHSA-68wg-f3j9-hgmv	unreviewed	?
CVE-2017-6004	GHSA-59rh-53qm-wcv4	unreviewed	?
CVE-2019-20838	GHSA-689f-qv4w-xgqf	unreviewed	?
CVE-2020-14155	GHSA-g6g8-99m5-jj82	unreviewed	?
CVE-2013-6954	GHSA-jqh6-vqxw-fcv3	unreviewed	?
CVE-2014-0333	GHSA-fpgr-xxq4-wvw4	unreviewed	?
CVE-2014-9495	GHSA-wpr3-pfv2-chjq	unreviewed	?
CVE-2015-0973	GHSA-5gg5-9r5r-wpgh	unreviewed	?
CVE-2015-8126	GHSA-rr6q-q2jh-948f	unreviewed	?
CVE-2015-8472	GHSA-h5hh-r95x-mmfq	unreviewed	?
CVE-2016-10087	GHSA-r346-8vrh-m3wr	unreviewed	?
CVE-2016-3751	GHSA-38fg-rh2c-fh5c	unreviewed	?
CVE-2017-12652	GHSA-94xg-qm4r-9r7c	unreviewed	?
CVE-2019-9423	GHSA-8849-5h85-98qw	reviewed	?
CVE-2019-7317	GHSA-m96g-x499-p5f9	unreviewed	?
CVE-2015-7981	GHSA-fr3h-2jww-582m	unreviewed	?
CVE-2015-8540	GHSA-7qhq-6293-wrx3	unreviewed	?
CVE-2007-5266	GHSA-rprg-9vqr-w8h6	unreviewed	?
CVE-2007-5267	GHSA-c7qv-v9rv-f39q	unreviewed	?
CVE-2007-5268	GHSA-mpjr-rfjg-826r	unreviewed	?
CVE-2007-5269	GHSA-fvgw-xjx9-w93q	unreviewed	?
CVE-2008-1382	GHSA-wcwj-fgp8-wvg8	unreviewed	?
CVE-2008-3964	GHSA-fj2p-r342-gx3m	unreviewed	?
CVE-2008-5907	GHSA-598m-m5h8-fc92	unreviewed	?
CVE-2008-6218	GHSA-8p6q-rjmr-6gp9	unreviewed	?
CVE-2009-0040	GHSA-m968-rq7m-646j	unreviewed	?
CVE-2009-2042	GHSA-rh45-m734-j52q	unreviewed	?
CVE-2009-5063	GHSA-w9jf-3rvw-rjrv	unreviewed	?
CVE-2010-0205	GHSA-qjvj-64rf-p4qg	unreviewed	?
CVE-2010-1205	GHSA-qq2m-25fj-pxvm	unreviewed	?
CVE-2010-2249	GHSA-2r3r-854p-xjfr	unreviewed	?
CVE-2011-2501	GHSA-8m2c-g35f-jj8v	unreviewed	?
CVE-2011-2690	GHSA-45qx-49q8-7q26	unreviewed	?
CVE-2011-2691	GHSA-vprr-5687-f565	unreviewed	?
CVE-2011-2692	GHSA-jggw-3xrj-fwp3	unreviewed	?
CVE-2011-3045	GHSA-w4pv-vqp3-f753	unreviewed	?
CVE-2011-3048	GHSA-mmpj-hr4h-5g99	unreviewed	?
CVE-2012-3425	GHSA-2q8q-w58c-r6vg	unreviewed	?
CVE-2013-7353	GHSA-hr5g-ggm4-mgqr	unreviewed	?
CVE-2013-7354	GHSA-65xw-3h2x-5pw4	unreviewed	?
CVE-2006-5793	GHSA-gp79-46cf-7pmq	unreviewed	?
CVE-2002-1363	GHSA-c3x2-x88p-4gpx	unreviewed	?
CVE-2004-0597	GHSA-pjf2-ggxp-rg8p	unreviewed	?
CVE-2004-0598	GHSA-7c4j-3c7c-wh66	unreviewed	?
CVE-2004-0599	GHSA-xpw2-c8vq-gfg3	unreviewed	?
CVE-2004-0768	GHSA-8p78-6v29-xw89	unreviewed	?
CVE-2006-3334	GHSA-852r-9m3w-pq97	unreviewed	?
CVE-2006-7244	GHSA-v548-29gf-8prw	unreviewed	?
CVE-2007-2445	GHSA-v9wg-49f7-4f43	unreviewed	?
CVE-2012-0037	GHSA-28qp-8c7m-wc33	unreviewed	?
CVE-2018-12913	GHSA-prfm-chh2-jj5h	unreviewed	?
CVE-2022-24785	GHSA-8hfj-j24r-96c4	reviewed	?
CVE-2021-23432	GHSA-x6hx-7gh3-3q98	reviewed	?
CVE-2016-4570	GHSA-73qc-88cx-hqmh	unreviewed	?
CVE-2016-4571	GHSA-r5m9-xhw7-f4vr	unreviewed	?
CVE-2016-0742	GHSA-x98p-wfj9-8f25	unreviewed	?
CVE-2016-0746	GHSA-c3r2-x25x-6jwc	unreviewed	?
CVE-2016-0747	GHSA-769v-gfhq-g2w7	unreviewed	?
CVE-2014-3616	GHSA-ch64-2v27-7pwp	unreviewed	?
CVE-2014-3556	GHSA-8277-2g6w-24gq	unreviewed	?
CVE-2013-4547	GHSA-9x2q-qf8w-h347	unreviewed	?
CVE-2014-0133	GHSA-m342-r7h7-vj42	unreviewed	?
CVE-2014-0088	GHSA-5w47-hrcw-f886	unreviewed	?
CVE-2013-2028	GHSA-68mc-8233-5xrw	unreviewed	?
CVE-2012-2089	GHSA-9pvj-32x2-9jrc	unreviewed	?
CVE-2006-7250	GHSA-jcg3-jcx7-j7xf	unreviewed	?
CVE-2009-1377	GHSA-26xx-j6q3-j3rf	unreviewed	?
CVE-2009-3245	GHSA-c5qh-p8w9-vjq7	unreviewed	?
CVE-2009-4355	GHSA-cg3r-vf2p-3f9h	unreviewed	?
CVE-2010-0433	GHSA-5gv7-x3p9-2mf6	unreviewed	?
CVE-2010-0740	GHSA-qr53-p9wq-vjrx	unreviewed	?
CVE-2010-2939	GHSA-f7m9-58qq-wp2m	unreviewed	?
CVE-2010-3864	GHSA-rvq6-rpm5-73fg	unreviewed	?
CVE-2010-4180	GHSA-hvp6-pw37-63wh	unreviewed	?
CVE-2010-4252	GHSA-4wx9-m243-hr54	unreviewed	?
CVE-2010-5298	GHSA-m249-hh62-97m2	unreviewed	?
CVE-2011-0014	GHSA-w2hr-4cx4-4hmj	unreviewed	?
CVE-2011-1945	GHSA-r4rf-h58w-4p76	unreviewed	?
CVE-2011-3210	GHSA-q2wp-8mh7-q533	unreviewed	?
CVE-2011-4108	GHSA-g8h7-34h7-3c73	unreviewed	?
CVE-2011-4109	GHSA-fr6r-xw3f-g957	unreviewed	?
CVE-2011-4576	GHSA-cr84-m7vr-7v6v	unreviewed	?
CVE-2011-4577	GHSA-566r-v75p-wp79	unreviewed	?
CVE-2011-4619	GHSA-9866-p82r-56gj	unreviewed	?
CVE-2011-5095	GHSA-xhj2-g5qf-66wr	unreviewed	?
CVE-2012-0027	GHSA-6vgp-r5v2-7gfw	unreviewed	?
CVE-2012-1165	GHSA-9vv4-xxfm-24ff	unreviewed	?
CVE-2012-2110	GHSA-mm35-fwq5-v845	unreviewed	?
CVE-2012-2131	GHSA-wvj2-94fg-jpr9	unreviewed	?
CVE-2012-2333	GHSA-45m2-xm5p-3949	unreviewed	?
CVE-2013-0166	GHSA-f8qw-pqjg-gpv2	unreviewed	?
CVE-2013-6449	GHSA-h84w-39m4-37j6	unreviewed	?
CVE-2014-0195	GHSA-r4qw-hxm9-9pf9	unreviewed	?
CVE-2014-0221	GHSA-72w7-m73m-gc5c	unreviewed	?
CVE-2014-0224	GHSA-84gm-v5wh-659w	unreviewed	?
CVE-2014-3470	GHSA-rq9h-37gr-2m9p	unreviewed	?
CVE-2014-3505	GHSA-fw22-2v92-6x57	unreviewed	?
CVE-2014-3506	GHSA-9x6f-2q3g-8x4r	unreviewed	?
CVE-2014-3507	GHSA-r65x-rhxq-wj53	unreviewed	?
CVE-2014-3508	GHSA-5fxv-32q4-g2fh	unreviewed	?
CVE-2014-3510	GHSA-5ww9-48wf-v8p8	unreviewed	?
CVE-2014-3566	GHSA-r82h-wc4x-gcp9	unreviewed	?
CVE-2014-3567	GHSA-5cmf-xwq3-4rj3	unreviewed	?
CVE-2014-3568	GHSA-3873-898q-6f32	unreviewed	?
CVE-2014-3569	GHSA-66cr-qxrv-fpg2	unreviewed	?
CVE-2014-3570	GHSA-42m3-9326-hpxj	unreviewed	?
CVE-2014-3571	GHSA-hrxr-3c76-p924	unreviewed	?
CVE-2014-3572	GHSA-38r9-r99v-9jf8	unreviewed	?
CVE-2014-8176	GHSA-qwvg-rfmc-974p	unreviewed	?
CVE-2014-8275	GHSA-85qv-mgh4-gm8w	unreviewed	?
CVE-2015-0204	GHSA-ff55-77ff-xv8x	unreviewed	?
CVE-2015-0286	GHSA-77f5-q9w4-mgwj	unreviewed	?
CVE-2015-0287	GHSA-7mxg-8jv7-cj7v	unreviewed	?
CVE-2015-0288	GHSA-6m24-334v-vm3f	unreviewed	?
CVE-2015-0289	GHSA-cxc6-qvvg-mcqm	unreviewed	?
CVE-2015-0292	GHSA-3467-h7vq-fjwx	unreviewed	?
CVE-2015-0293	GHSA-gmcw-2hjf-2h3x	unreviewed	?
CVE-2015-1788	GHSA-r4h7-cp79-4cmq	unreviewed	?
CVE-2015-1789	GHSA-q289-c6qx-8gxc	unreviewed	?
CVE-2015-1790	GHSA-4m2r-fv3j-3fmf	unreviewed	?
CVE-2015-1791	GHSA-f894-wgvp-qh5g	unreviewed	?
CVE-2015-1792	GHSA-q68f-qqmm-qvj9	unreviewed	?
CVE-2015-3195	GHSA-7q2f-v729-wjf3	unreviewed	?
CVE-2016-0703	GHSA-jqfv-c9gp-wf8f	unreviewed	?
CVE-2016-0704	GHSA-m84j-fv95-cmq3	unreviewed	?
CVE-2016-6302	GHSA-h9vm-qp4h-23fm	unreviewed	?
CVE-2016-6303	GHSA-w6xc-jcff-g3vg	unreviewed	?
CVE-2016-6304	GHSA-7c6f-r892-6p89	unreviewed	?
CVE-2016-6305	GHSA-jjf8-m6wr-q4f8	unreviewed	?
CVE-2016-6306	GHSA-g89j-86gv-84w2	unreviewed	?
CVE-2016-8610	GHSA-v2q2-jxh8-m5h8	unreviewed	?
CVE-2017-3735	GHSA-6h3q-hmhp-4vgv	unreviewed	?
CVE-2013-0237	GHSA-v2m5-2mm5-8v3w	unreviewed	?
CVE-2016-4566	GHSA-cv88-x229-26m4	unreviewed	?
CVE-2021-23562	GHSA-rp2c-jrgp-cvr8	reviewed	?
CVE-2018-6341	GHSA-mvjj-gqq2-p4hw	reviewed	?
CVE-2022-0776	GHSA-hhqj-cfjx-vj25	reviewed	?
CVE-2020-8127	GHSA-6vwx-mwp8-fh44	reviewed	?
CVE-2020-7693	GHSA-c9g6-9335-x697	reviewed	?
CVE-2021-45346	GHSA-w3q4-xr8h-32gf	unreviewed	?
CVE-2021-36690	GHSA-j773-5h44-w4h6	unreviewed	?
CVE-2021-20223	GHSA-r7v8-jjhj-75h7	unreviewed	?
CVE-2019-9937	GHSA-q3jg-32q5-fgj2	unreviewed	?
CVE-2019-9936	GHSA-pr9h-5886-9mvw	unreviewed	?
CVE-2019-16168	GHSA-m2vp-56p6-9q2h	unreviewed	?
CVE-2018-3906	GHSA-q22m-9gr4-fmwj	unreviewed	?
CVE-2017-15286	GHSA-cmxm-6c5m-r5c5	unreviewed	?
CVE-2017-13685	GHSA-69wm-j7rv-57pp	unreviewed	?
CVE-2015-6607	GHSA-wf9w-9wmc-7fpv	unreviewed	?
CVE-2021-20227	GHSA-w586-cvch-p9ch	unreviewed	?
CVE-2020-35527	GHSA-c76x-fv7r-4xjr	unreviewed	?
CVE-2020-13871	GHSA-wjq2-9xcc-v8x3	unreviewed	?
CVE-2022-35737	GHSA-jw36-hf63-69r9	reviewed	?
CVE-2020-35525	GHSA-3p6j-m43h-3g48	unreviewed	?
CVE-2015-0202	GHSA-9652-39q9-6g87	unreviewed	?
CVE-2015-0248	GHSA-8pfv-rvrh-7fhw	unreviewed	?
CVE-2015-0251	GHSA-7c78-p7xr-4r2p	unreviewed	?
CVE-2015-3187	GHSA-c79q-h5wc-3724	unreviewed	?
CVE-2015-5343	GHSA-g5xg-c32g-4v99	unreviewed	?
CVE-2016-2167	GHSA-4j43-22vc-mh3h	unreviewed	?
CVE-2016-2168	GHSA-h8ww-x8qq-fcxm	unreviewed	?
CVE-2016-8734	GHSA-x5mc-4p5h-grh2	unreviewed	?
CVE-2017-9800	GHSA-34wf-vr8w-7xh4	unreviewed	?
CVE-2018-11782	GHSA-mggm-8657-6fhf	unreviewed	?
CVE-2019-0203	GHSA-2wxr-pw8w-8wx5	unreviewed	?
CVE-2004-0413	GHSA-hwr7-hw2w-cf69	unreviewed	?
CVE-2014-3528	GHSA-vxf6-xw9g-6cfc	unreviewed	?
CVE-2013-7393	GHSA-vgr5-m78w-8rc3	unreviewed	?
CVE-2013-1968	GHSA-rx9x-73jj-929p	unreviewed	?
CVE-2010-4644	GHSA-hhpj-h4jc-w378	unreviewed	?
CVE-2007-2448	GHSA-5qx7-4v6g-86g4	unreviewed	?
CVE-2009-2411	GHSA-vmfg-4frj-fmfg	unreviewed	?
CVE-2007-2877	GHSA-wv42-64hv-5wfc	unreviewed	?
CVE-2007-4769	GHSA-66vv-jcch-hx6x	unreviewed	?
CVE-2007-4772	GHSA-x3q3-v77f-cg26	unreviewed	?
CVE-2007-5137	GHSA-67cg-f67f-c8v9	unreviewed	?
CVE-2007-6067	GHSA-r822-pwxw-5qc9	unreviewed	?
CVE-2008-0553	GHSA-w2px-74cm-hrpr	unreviewed	?
CVE-2014-8141	GHSA-3gfx-c6cm-vch8	unreviewed	?
CVE-2014-8140	GHSA-fhf3-rjhh-4c23	unreviewed	?
CVE-2014-8139	GHSA-fhcq-p46p-2xvm	unreviewed	?
CVE-2018-25032	GHSA-jc36-42cf-vqwj	reviewed	?
CVE-2016-9843	GHSA-q27x-567x-5347	unreviewed	?
CVE-2016-9842	GHSA-3686-jjcf-4w27	unreviewed	?
CVE-2016-9841	GHSA-5f8r-846v-423w	unreviewed	?
CVE-2016-9840	GHSA-wrj6-35fr-8xw5	unreviewed	?
CVE-2003-0107	GHSA-c9pj-8qx8-ccrw	unreviewed	?
CVE-2002-0059	GHSA-8894-p74v-5485	unreviewed	?
CVE-2021-24031	GHSA-5mqj-v3fr-pg3x	unreviewed	?
CVE-2021-24032	GHSA-ffqj-7pgc-cmj5	unreviewed	?
CVE-2019-11922	GHSA-w77f-wv46-4vcx	unreviewed	?
